{"cameraMode":{"drawMode":0,"name":"Shaded","section":"Shading Mode"},"sceneLighting":false,"audioPlay":false,"sceneViewState":{"m_AlwaysRefresh":false,"showFog":true,"showSkybox":true,"showFlares":true,"showImageEffects":true,"showParticleSystems":true,"showVisualEffectGraphs":true,"m_FxEnabled":true},"in2DMode":false,"pivot":{"x":0.5896431803703308,"y":0.15039432048797608,"z":0.3339613676071167},"rotation":{"x":-0.3918582499027252,"y":0.25458091497421267,"z":-0.11378353089094162,"w":-0.876750111579895},"size":3.284846782684326,"orthographic":false}